feature,importance
Age,0.13604397413854988
Social_Interaction,0.08123012910150162
Eye_Contact,0.08085517506490258
Communication_Level,0.07954230048130725
Response_to_Name,0.07574656585784784
Joint_Attention,0.07459902505706965
Hyperactivity_Control,0.06525597694309702
Sensory_Regulation,0.06380947800571304
ADL_Skills,0.06346940199051311
Motor_Skills,0.062064760911169484
Occupational_Therapy_Need,0.037327833750873736
Social_Skills_Support_Need,0.03716195514806959
Parent_Training_Need,0.03497062052535768
Behaviour_Therapy_Need,0.034825285654766384
Speech_Therapy_Need,0.03408213578284584
Gender_Female,0.01963963418531983
Gender_Male,0.019375747401095492
